grid_id,latitude,longitude,predicted_lst,ndvi,ndbi,mndwi,albedo,humidity,wind_speed,recommendation,priority_rank,feasibility,implementation,cooling_x,post_lst_x,cooling_y,post_lst_y,cooling,post_lst
621.0,28.588884,76.87333,45.03,0.1026871794871795,0.028834615384615382,-0.1691338787626819,0.20419605924553003,37.31567699196489,2.1552263759678643,🌳 Urban Greening + 💧 Water Bodies + 🏗 Built-up Surface Treatment,1,High,"Street tree plantation, pocket parks, terrace gardens; Restore stormwater drains, create urban water features; Permeable pavements, vertical green walls on building facades, reflective road coatings, shaded walkways",10.08,34.95,10.075193,34.95297,10.08,34.95
630.0,28.588884,76.954179,44.73,0.12227922077922078,0.020484415584415584,-0.17752740857837948,0.20165248030758132,37.98299955000642,2.2135522511146286,🌳 Urban Greening + 💧 Water Bodies + 🏗 Built-up Surface Treatment,2,High,"Street tree plantation, pocket parks, terrace gardens; Restore stormwater drains, create urban water features; Permeable pavements, vertical green walls on building facades, reflective road coatings, shaded walkways",10.33,34.41,10.325794,34.40906,10.33,34.41
728.0,28.60685,76.909263,44.72,0.11486,0.018525,-0.17038171273394306,0.20786934243895105,37.848546266451734,2.1608761945443966,🌳 Urban Greening + 💧 Water Bodies + 🏗 Built-up Surface Treatment,3,High,"Street tree plantation, pocket parks, terrace gardens; Restore stormwater drains, create urban water features; Permeable pavements, vertical green walls on building facades, reflective road coatings, shaded walkways",10.41,34.31,10.406222,34.3124,10.41,34.31
729.0,28.60685,76.918246,44.63,0.11283703703703703,0.019276543209876543,-0.1685360821016193,0.20442802735613222,37.96358368848262,2.146008293117653,🌳 Urban Greening + 💧 Water Bodies + 🏗 Built-up Surface Treatment,4,High,"Street tree plantation, pocket parks, terrace gardens; Restore stormwater drains, create urban water features; Permeable pavements, vertical green walls on building facades, reflective road coatings, shaded walkways",10.43,34.2,10.431399,34.201065,10.43,34.2
522.0,28.570918,76.918246,44.6,0.13181898734177216,0.012420253164556963,-0.17734075366287477,0.20116849629895917,37.240544481260265,2.1667557347276696,🌳 Urban Greening + 💧 Water Bodies + 🏗 Built-up Surface Treatment,5,High,"Street tree plantation, pocket parks, terrace gardens; Restore stormwater drains, create urban water features; Permeable pavements, vertical green walls on building facades, reflective road coatings, shaded walkways",10.74,33.86,10.736676,33.864506,10.74,33.86
624.0,28.588884,76.90028,44.56,0.13439102564102565,0.010469230769230769,-0.17551463221834204,0.19519749239784823,37.457925777319794,2.185023825494226,🌳 Urban Greening + 💧 Water Bodies + 🏗 Built-up Surface Treatment,6,High,"Street tree plantation, pocket parks, terrace gardens; Restore stormwater drains, create urban water features; Permeable pavements, vertical green walls on building facades, reflective road coatings, shaded walkways",10.71,33.85,10.712556,33.85148,10.71,33.85
571.0,28.579901,76.891297,44.49,0.11661139240506328,0.016367088607594935,-0.16866023650099013,0.20342854920980596,37.240544481260265,2.1667557347276696,🌳 Urban Greening + 💧 Water Bodies + 🏗 Built-up Surface Treatment,7,High,"Street tree plantation, pocket parks, terrace gardens; Restore stormwater drains, create urban water features; Permeable pavements, vertical green walls on building facades, reflective road coatings, shaded walkways",10.06,34.43,10.058201,34.430477,10.06,34.43
470.0,28.561934,76.918246,44.46,0.11315061728395062,0.024788888888888888,-0.1734289075413564,0.2071691817250029,37.611757361328195,2.1433435784131767,🌳 Urban Greening + 💧 Water Bodies + 🏗 Built-up Surface Treatment,8,High,"Street tree plantation, pocket parks, terrace gardens; Restore stormwater drains, create urban water features; Permeable pavements, vertical green walls on building facades, reflective road coatings, shaded walkways",10.02,34.44,10.023134,34.43894,10.02,34.44
435.0,28.552951,77.079943,44.45,0.05958641975308642,0.024266666666666666,-0.11015281621507113,0.18324186184262747,38.46472446269473,2.1999431052677467,🌳 Urban Greening + 🏗 Built-up Surface Treatment,9,High,"Street tree plantation, pocket parks, terrace gardens; Permeable pavements, vertical green walls on building facades, reflective road coatings, shaded walkways",9.63,34.83,9.625886,34.82523,9.63,34.83
622.0,28.588884,76.882314,44.43,0.11934875,0.01843875,-0.1712233742099709,0.19894814173406877,37.41508315639388,2.172607551048328,🌳 Urban Greening + 💧 Water Bodies + 🏗 Built-up Surface Treatment,10,High,"Street tree plantation, pocket parks, terrace gardens; Restore stormwater drains, create urban water features; Permeable pavements, vertical green walls on building facades, reflective road coatings, shaded walkways",10.29,34.13,10.292516,34.134567,10.29,34.13
675.0,28.597867,76.90028,44.41,0.1147246913580247,0.017959259259259258,-0.16877415773948148,0.2005474913429306,38.013423948248,2.1667283531349644,🌳 Urban Greening + 💧 Water Bodies + 🏗 Built-up Surface Treatment,11,High,"Street tree plantation, pocket parks, terrace gardens; Restore stormwater drains, create urban water features; Permeable pavements, vertical green walls on building facades, reflective road coatings, shaded walkways",10.39,34.02,10.391818,34.016796,10.39,34.02
678.0,28.597867,76.927229,44.4,0.12303703703703703,0.015174074074074076,-0.17154193231093623,0.20086551088974963,37.93153437855408,2.1494100806691567,🌳 Urban Greening + 💧 Water Bodies + 🏗 Built-up Surface Treatment,12,High,"Street tree plantation, pocket parks, terrace gardens; Restore stormwater drains, create urban water features; Permeable pavements, vertical green walls on building facades, reflective road coatings, shaded walkways",10.4,34.0,10.400264,33.99936,10.4,34.0
569.0,28.579901,76.87333,44.39,0.11994936708860758,0.015774683544303798,-0.16972395208778332,0.19970115119674267,37.17468802155547,2.1545805187413394,🌳 Urban Greening + 💧 Water Bodies + 🏗 Built-up Surface Treatment,13,High,"Street tree plantation, pocket parks, terrace gardens; Restore stormwater drains, create urban water features; Permeable pavements, vertical green walls on building facades, reflective road coatings, shaded walkways",10.37,34.02,10.366347,34.02351,10.37,34.02
418.0,28.552951,76.927229,44.38,0.11315,0.026661249999999997,-0.17536452910118708,0.20625439108572122,36.828132423468354,2.134800573085934,🌳 Urban Greening + 💧 Water Bodies + 🏗 Built-up Surface Treatment,14,High,"Street tree plantation, pocket parks, terrace gardens; Restore stormwater drains, create urban water features; Permeable pavements, vertical green walls on building facades, reflective road coatings, shaded walkways",10.3,34.08,10.301082,34.081127,10.3,34.08
417.0,28.552951,76.918246,44.37,0.1140060975609756,0.02596829268292683,-0.17502001867609485,0.20645170967218476,37.56998074480335,2.118933216041031,🌳 Urban Greening + 💧 Water Bodies + 🏗 Built-up Surface Treatment,15,High,"Street tree plantation, pocket parks, terrace gardens; Restore stormwater drains, create urban water features; Permeable pavements, vertical green walls on building facades, reflective road coatings, shaded walkways",9.89,34.47,9.892325,34.474213,9.89,34.47
419.0,28.552951,76.936213,44.32,0.12008375,0.019425,-0.1736675061112233,0.20136543689299233,36.828132423468354,2.134800573085934,🌳 Urban Greening + 💧 Water Bodies + 🏗 Built-up Surface Treatment,16,High,"Street tree plantation, pocket parks, terrace gardens; Restore stormwater drains, create urban water features; Permeable pavements, vertical green walls on building facades, reflective road coatings, shaded walkways",10.57,33.75,10.570973,33.750954,10.57,33.75
420.0,28.552951,76.945196,44.29,0.12208375,0.019466249999999997,-0.17490013417657319,0.20025955485326424,36.753989616104654,2.1481262625712225,🌳 Urban Greening + 💧 Water Bodies + 🏗 Built-up Surface Treatment,17,High,"Street tree plantation, pocket parks, terrace gardens; Restore stormwater drains, create urban water features; Permeable pavements, vertical green walls on building facades, reflective road coatings, shaded walkways",10.43,33.86,10.42934,33.86147,10.43,33.86
572.0,28.579901,76.90028,44.24,0.12563875,0.0118675,-0.1708966477978075,0.19980711563011816,37.46603481751867,2.14708180008085,🌳 Urban Greening + 💧 Water Bodies + 🏗 Built-up Surface Treatment,18,High,"Street tree plantation, pocket parks, terrace gardens; Restore stormwater drains, create urban water features; Permeable pavements, vertical green walls on building facades, reflective road coatings, shaded walkways",10.39,33.85,10.389682,33.851204,10.39,33.85
783.0,28.615833,76.918246,44.23,0.12055249999999999,0.012939999999999998,-0.16812663115709076,0.20203067669589964,37.77676514758252,2.170869332927148,🌳 Urban Greening + 💧 Water Bodies + 🏗 Built-up Surface Treatment,19,High,"Street tree plantation, pocket parks, terrace gardens; Restore stormwater drains, create urban water features; Permeable pavements, vertical green walls on building facades, reflective road coatings, shaded walkways",10.38,33.85,10.377855,33.854134,10.38,33.85
680.0,28.597867,76.945196,44.22,0.13475443037974683,0.006811392405063291,-0.1739217739538159,0.19736174905120935,37.52612753439502,2.178097327898717,🌳 Urban Greening + 💧 Water Bodies + 🏗 Built-up Surface Treatment,20,High,"Street tree plantation, pocket parks, terrace gardens; Restore stormwater drains, create urban water features; Permeable pavements, vertical green walls on building facades, reflective road coatings, shaded walkways",10.52,33.7,10.5178,33.69837,10.52,33.7
672.0,28.597867,76.87333,44.21,0.12154078947368421,0.012576315789473684,-0.16522576904884573,0.19195173227801174,37.001060465907926,2.1732248899469204,🌳 Urban Greening + 💧 Water Bodies + 🏗 Built-up Surface Treatment,21,High,"Street tree plantation, pocket parks, terrace gardens; Restore stormwater drains, create urban water features; Permeable pavements, vertical green walls on building facades, reflective road coatings, shaded walkways",10.47,33.73,10.473819,33.731857,10.47,33.73
623.0,28.588884,76.891297,44.21,0.12654125,0.01034875,-0.16926294561817568,0.19696949518744136,37.41508315639388,2.172607551048328,🌳 Urban Greening + 💧 Water Bodies + 🏗 Built-up Surface Treatment,21,High,"Street tree plantation, pocket parks, terrace gardens; Restore stormwater drains, create urban water features; Permeable pavements, vertical green walls on building facades, reflective road coatings, shaded walkways",10.4,33.81,10.400427,33.80784,10.4,33.81
629.0,28.588884,76.945196,44.19,0.1314354430379747,0.010337974683544304,-0.17394315344539224,0.19755464470253836,37.19727186719864,2.1584627951750073,🌳 Urban Greening + 💧 Water Bodies + 🏗 Built-up Surface Treatment,23,High,"Street tree plantation, pocket parks, terrace gardens; Restore stormwater drains, create urban water features; Permeable pavements, vertical green walls on building facades, reflective road coatings, shaded walkways",10.18,34.01,10.184112,34.010654,10.18,34.01
519.0,28.570918,76.891297,44.18,0.12235189873417722,0.011682278481012658,-0.16716702593839913,0.19884165203059725,37.240544481260265,2.1667557347276696,🌳 Urban Greening + 💧 Water Bodies + 🏗 Built-up Surface Treatment,24,High,"Street tree plantation, pocket parks, terrace gardens; Restore stormwater drains, create urban water features; Permeable pavements, vertical green walls on building facades, reflective road coatings, shaded walkways",10.38,33.8,10.377728,33.800236,10.38,33.8
367.0,28.543968,76.954179,44.16,0.13011975308641976,0.012458024691358023,-0.17535777955974408,0.19716837831757283,36.67235441139639,2.1795573911722523,🌳 Urban Greening + 💧 Water Bodies + 🏗 Built-up Surface Treatment,25,High,"Street tree plantation, pocket parks, terrace gardens; Restore stormwater drains, create urban water features; Permeable pavements, vertical green walls on building facades, reflective road coatings, shaded walkways",10.6,33.56,10.599254,33.562305,10.6,33.56
628.0,28.588884,76.936213,44.15,0.1330185185185185,0.00795432098765432,-0.17150891905607613,0.1974381244980389,37.735935958499056,2.1608589354866723,🌳 Urban Greening + 💧 Water Bodies + 🏗 Built-up Surface Treatment,26,High,"Street tree plantation, pocket parks, terrace gardens; Restore stormwater drains, create urban water features; Permeable pavements, vertical green walls on building facades, reflective road coatings, shaded walkways",10.41,33.74,10.412403,33.74059,10.41,33.74
315.0,28.534985,76.963162,44.15,0.1355439024390244,0.010558536585365853,-0.1798748679103565,0.20139867099315065,37.11513215118399,2.1864132912395187,🌳 Urban Greening + 💧 Water Bodies + 🏗 Built-up Surface Treatment,26,High,"Street tree plantation, pocket parks, terrace gardens; Restore stormwater drains, create urban water features; Permeable pavements, vertical green walls on building facades, reflective road coatings, shaded walkways",10.47,33.68,10.473172,33.68032,10.47,33.68
727.0,28.60685,76.90028,44.09,0.13115000000000002,0.004647500000000001,-0.16878075703784434,0.20078217233906398,37.848546266451734,2.1608761945443966,🌳 Urban Greening + 💧 Water Bodies + 🏗 Built-up Surface Treatment,28,High,"Street tree plantation, pocket parks, terrace gardens; Restore stormwater drains, create urban water features; Permeable pavements, vertical green walls on building facades, reflective road coatings, shaded walkways",10.43,33.65,10.434682,33.65087,10.43,33.65
515.0,28.570918,76.855364,44.07,0.11127887323943662,0.022204225352112677,-0.17037463758967608,0.2026720107589118,37.25200878838516,2.153128179322174,🌳 Urban Greening + 💧 Water Bodies + 🏗 Built-up Surface Treatment,29,High,"Street tree plantation, pocket parks, terrace gardens; Restore stormwater drains, create urban water features; Permeable pavements, vertical green walls on building facades, reflective road coatings, shaded walkways",9.79,34.28,9.787723,34.278957,9.79,34.28
513.0,28.570918,76.837398,44.03,0.11942222222222222,0.017046296296296296,-0.17329024258613013,0.19832191405649852,35.93863602371114,2.0957434431477426,🌳 Urban Greening + 💧 Water Bodies + 🏗 Built-up Surface Treatment,30,High,"Street tree plantation, pocket parks, terrace gardens; Restore stormwater drains, create urban water features; Permeable pavements, vertical green walls on building facades, reflective road coatings, shaded walkways",11.21,32.81,11.2135515,32.814766,11.21,32.81
673.0,28.597867,76.882314,44.0,0.13198101265822787,0.003788607594936709,-0.1651662766047035,0.19389546795818918,37.63192214079611,2.190718473783924,🌳 Urban Greening + 💧 Water Bodies + 🏗 Built-up Surface Treatment,31,High,"Street tree plantation, pocket parks, terrace gardens; Restore stormwater drains, create urban water features; Permeable pavements, vertical green walls on building facades, reflective road coatings, shaded walkways",10.37,33.62,10.374481,33.62401,10.37,33.62
575.0,28.579901,76.927229,43.99,0.14013086419753087,0.00707037037037037,-0.17758543139318353,0.19793507769361457,37.944285987788646,2.1528879739614575,🌳 Urban Greening + 💧 Water Bodies + 🏗 Built-up Surface Treatment,32,High,"Street tree plantation, pocket parks, terrace gardens; Restore stormwater drains, create urban water features; Permeable pavements, vertical green walls on building facades, reflective road coatings, shaded walkways",10.43,33.55,10.434654,33.550716,10.43,33.55
518.0,28.570918,76.882314,43.96,0.12668860759493672,0.008358227848101266,-0.16652166522257025,0.19792702089528685,37.079982010686166,2.1585654134239154,🌳 Urban Greening + 💧 Water Bodies + 🏗 Built-up Surface Treatment,33,High,"Street tree plantation, pocket parks, terrace gardens; Restore stormwater drains, create urban water features; Permeable pavements, vertical green walls on building facades, reflective road coatings, shaded walkways",10.24,33.72,10.243813,33.71586,10.24,33.72
492.0,28.561934,77.115876,43.96,0.07487901234567901,0.024187654320987656,-0.12897558479999824,0.186807719521378,39.0209194152609,2.217647084570352,🌳 Urban Greening + 🏗 Built-up Surface Treatment,33,High,"Street tree plantation, pocket parks, terrace gardens; Permeable pavements, vertical green walls on building facades, reflective road coatings, shaded walkways",9.54,34.42,9.536543,34.422424,9.54,34.42
469.0,28.561934,76.909263,43.91,0.1276841463414634,0.011753658536585367,-0.1706239976853332,0.20104188087571798,38.01608862919343,2.126421111724552,🌳 Urban Greening + 💧 Water Bodies + 🏗 Built-up Surface Treatment,35,High,"Street tree plantation, pocket parks, terrace gardens; Restore stormwater drains, create urban water features; Permeable pavements, vertical green walls on building facades, reflective road coatings, shaded walkways",10.27,33.64,10.265525,33.64363,10.27,33.64
838.0,28.624817,76.936213,43.86,0.12687407407407408,0.011949382716049383,-0.17066421145015892,0.19561024286742903,37.73279117753243,2.1531648430961807,🌳 Urban Greening + 💧 Water Bodies + 🏗 Built-up Surface Treatment,36,High,"Street tree plantation, pocket parks, terrace gardens; Restore stormwater drains, create urban water features; Permeable pavements, vertical green walls on building facades, reflective road coatings, shaded walkways",10.38,33.48,10.379468,33.478924,10.38,33.48
421.0,28.552951,76.954179,43.85,0.13087560975609755,0.016940243902439023,-0.18070303992945258,0.199706078523804,37.59525111334618,2.1868589476007108,🌳 Urban Greening + 💧 Water Bodies + 🏗 Built-up Surface Treatment,37,High,"Street tree plantation, pocket parks, terrace gardens; Restore stormwater drains, create urban water features; Permeable pavements, vertical green walls on building facades, reflective road coatings, shaded walkways",9.94,33.91,9.938349,33.914093,9.94,33.91
670.0,28.597867,76.855364,43.84,0.13003225806451613,0.007320967741935485,-0.16557966313764066,0.18401967528372146,36.702665552110254,2.084150476830004,🌳 Urban Greening + 💧 Water Bodies + 🏗 Built-up Surface Treatment,38,High,"Street tree plantation, pocket parks, terrace gardens; Restore stormwater drains, create urban water features; Permeable pavements, vertical green walls on building facades, reflective road coatings, shaded walkways",10.56,33.28,10.5608015,33.281097,10.56,33.28
514.0,28.570918,76.846381,43.82,0.11489166666666667,0.0209,-0.1714677050224406,0.19949840460725768,36.287690944701,2.083194658457065,🌳 Urban Greening + 💧 Water Bodies + 🏗 Built-up Surface Treatment,39,High,"Street tree plantation, pocket parks, terrace gardens; Restore stormwater drains, create urban water features; Permeable pavements, vertical green walls on building facades, reflective road coatings, shaded walkways",10.84,32.98,10.840832,32.982285,10.84,32.98
490.0,28.561934,77.097909,43.71,0.08937283950617285,0.02233950617283951,-0.13881811740487854,0.17661587720131897,38.914274952168356,2.205405139651398,🌳 Urban Greening + 💧 Water Bodies + 🏗 Built-up Surface Treatment,41,High,"Street tree plantation, pocket parks, terrace gardens; Restore stormwater drains, create urban water features; Permeable pavements, vertical green walls on building facades, reflective road coatings, shaded walkways",9.84,33.87,9.838783,33.868145,9.84,33.87
314.0,28.534985,76.954179,43.71,0.14653048780487804,-0.0008378048780487803,-0.17773747272808496,0.19791810365241932,37.11513215118399,2.1864132912395187,🌳 Urban Greening + 💧 Water Bodies + 🏗 Built-up Surface Treatment,41,High,"Street tree plantation, pocket parks, terrace gardens; Restore stormwater drains, create urban water features; Permeable pavements, vertical green walls on building facades, reflective road coatings, shaded walkways",10.69,33.03,10.687012,33.02625,10.69,33.03
724.0,28.60685,76.87333,43.71,0.13515479452054796,-0.0005534246575342461,-0.16465675543317573,0.19229117940779242,37.321206151494785,2.1644993083665387,🌳 Urban Greening + 💧 Water Bodies + 🏗 Built-up Surface Treatment,41,High,"Street tree plantation, pocket parks, terrace gardens; Restore stormwater drains, create urban water features; Permeable pavements, vertical green walls on building facades, reflective road coatings, shaded walkways",10.09,33.62,10.086334,33.620678,10.09,33.62
468.0,28.561934,76.90028,43.67,0.13395696202531646,0.00651518987341772,-0.17265381249471756,0.19945649390671324,37.36299188066553,2.118201931193464,🌳 Urban Greening + 💧 Water Bodies + 🏗 Built-up Surface Treatment,43,High,"Street tree plantation, pocket parks, terrace gardens; Restore stormwater drains, create urban water features; Permeable pavements, vertical green walls on building facades, reflective road coatings, shaded walkways",10.42,33.24,10.423425,33.242294,10.42,33.24
885.0,28.6338,76.882314,43.67,0.13711466666666666,-0.0038693333333333327,-0.16312705361854535,0.1919215012692352,37.22394389360513,2.1923099597470626,🌳 Urban Greening + 💧 Water Bodies + 🏗 Built-up Surface Treatment,43,High,"Street tree plantation, pocket parks, terrace gardens; Restore stormwater drains, create urban water features; Permeable pavements, vertical green walls on building facades, reflective road coatings, shaded walkways",10.34,33.32,10.341145,33.324375,10.34,33.32
489.0,28.561934,77.088926,43.66,0.0831025,0.017621249999999998,-0.12855026206781928,0.17787950381432396,38.66442430564255,2.2014877112620663,🌳 Urban Greening + 🏗 Built-up Surface Treatment,45,High,"Street tree plantation, pocket parks, terrace gardens; Permeable pavements, vertical green walls on building facades, reflective road coatings, shaded walkways",10.0,33.66,10.00017,33.65878,10.0,33.66
316.0,28.534985,76.972145,43.64,0.14584074074074074,0.0005086419753086416,-0.1793921343069455,0.194820973530658,36.825871613486406,2.1701159228531415,🌳 Urban Greening + 💧 Water Bodies + 🏗 Built-up Surface Treatment,46,High,"Street tree plantation, pocket parks, terrace gardens; Restore stormwater drains, create urban water features; Permeable pavements, vertical green walls on building facades, reflective road coatings, shaded walkways",10.67,32.97,10.672416,32.96902,10.67,32.97
674.0,28.597867,76.891297,43.63,0.13289240506329114,0.001078481012658228,-0.16332926232759865,0.19218686674334423,37.63192214079611,2.190718473783924,🌳 Urban Greening + 💧 Water Bodies + 🏗 Built-up Surface Treatment,47,High,"Street tree plantation, pocket parks, terrace gardens; Restore stormwater drains, create urban water features; Permeable pavements, vertical green walls on building facades, reflective road coatings, shaded walkways",10.2,33.43,10.202656,33.428127,10.2,33.43
471.0,28.561934,76.927229,43.62,0.1352825,0.01261125,-0.17728551365907413,0.1961017302551621,37.18821993914861,2.134717152411289,🌳 Urban Greening + 💧 Water Bodies + 🏗 Built-up Surface Treatment,48,High,"Street tree plantation, pocket parks, terrace gardens; Restore stormwater drains, create urban water features; Permeable pavements, vertical green walls on building facades, reflective road coatings, shaded walkways",10.33,33.29,10.329561,33.286594,10.33,33.29
473.0,28.561934,76.945196,43.6,0.14365,0.00138974358974359,-0.17579739212357653,0.19609171279116877,36.727972246594824,2.165682831007469,🌳 Urban Greening + 💧 Water Bodies + 🏗 Built-up Surface Treatment,49,High,"Street tree plantation, pocket parks, terrace gardens; Restore stormwater drains, create urban water features; Permeable pavements, vertical green walls on building facades, reflective road coatings, shaded walkways",10.81,32.79,10.807474,32.793922,10.81,32.79
366.0,28.543968,76.945196,43.59,0.1355246913580247,0.006209876543209875,-0.17201100249088266,0.19484613823614635,36.381650633258374,2.169540593385374,🌳 Urban Greening + 💧 Water Bodies + 🏗 Built-up Surface Treatment,50,High,"Street tree plantation, pocket parks, terrace gardens; Restore stormwater drains, create urban water features; Permeable pavements, vertical green walls on building facades, reflective road coatings, shaded walkways",10.4,33.18,10.402546,33.183594,10.4,33.18
416.0,28.552951,76.909263,43.59,0.13014197530864197,0.007641975308641975,-0.16663515703220508,0.19552201889224632,37.60551979532783,2.124128003350549,🌳 Urban Greening + 💧 Water Bodies + 🏗 Built-up Surface Treatment,50,High,"Street tree plantation, pocket parks, terrace gardens; Restore stormwater drains, create urban water features; Permeable pavements, vertical green walls on building facades, reflective road coatings, shaded walkways",10.07,33.51,10.071426,33.514877,10.07,33.51
782.0,28.615833,76.909263,43.57,0.1395,-0.00289746835443038,-0.16812061113850005,0.19909588309051993,37.60680472550193,2.164995513845462,🌳 Urban Greening + 💧 Water Bodies + 🏗 Built-up Surface Treatment,52,High,"Street tree plantation, pocket parks, terrace gardens; Restore stormwater drains, create urban water features; Permeable pavements, vertical green walls on building facades, reflective road coatings, shaded walkways",10.08,33.48,10.084193,33.48242,10.08,33.48
461.0,28.561934,76.837398,43.55,0.11873157894736841,0.017847368421052633,-0.17293893395868776,0.2020514295324835,36.77228781315508,2.0384921287827185,🌳 Urban Greening + 💧 Water Bodies + 🏗 Built-up Surface Treatment,53,High,"Street tree plantation, pocket parks, terrace gardens; Restore stormwater drains, create urban water features; Permeable pavements, vertical green walls on building facades, reflective road coatings, shaded walkways",10.9,32.66,10.897703,32.65633,10.9,32.66
474.0,28.561934,76.954179,43.53,0.14106375,0.0013674999999999996,-0.17470886126307555,0.19697124182599476,37.57447455924605,2.1780695802850447,🌳 Urban Greening + 💧 Water Bodies + 🏗 Built-up Surface Treatment,54,High,"Street tree plantation, pocket parks, terrace gardens; Restore stormwater drains, create urban water features; Permeable pavements, vertical green walls on building facades, reflective road coatings, shaded walkways",10.25,33.28,10.254808,33.278355,10.25,33.28
620.0,28.588884,76.864347,43.53,0.12310000000000001,0.00714054054054054,-0.16174832067997416,0.1903344104121617,37.189933634586524,2.140670706806973,🌳 Urban Greening + 💧 Water Bodies + 🏗 Built-up Surface Treatment,54,High,"Street tree plantation, pocket parks, terrace gardens; Restore stormwater drains, create urban water features; Permeable pavements, vertical green walls on building facades, reflective road coatings, shaded walkways",10.17,33.36,10.169796,33.362537,10.17,33.36
365.0,28.543968,76.936213,43.52,0.12051325301204818,0.011767469879518072,-0.16440970970006222,0.19712121796510046,36.85188699795135,2.130164886067936,🌳 Urban Greening + 💧 Water Bodies + 🏗 Built-up Surface Treatment,56,High,"Street tree plantation, pocket parks, terrace gardens; Restore stormwater drains, create urban water features; Permeable pavements, vertical green walls on building facades, reflective road coatings, shaded walkways",10.3,33.22,10.296003,33.220722,10.3,33.22
369.0,28.543968,76.972145,43.48,0.14792439024390244,-0.002628048780487805,-0.17822800446379852,0.1929014770109455,37.26677719227291,2.1770869627779583,💧 Water Bodies + 🏗 Built-up Surface Treatment,58,Medium,"Restore stormwater drains, create urban water features; Permeable pavements, vertical green walls on building facades, reflective road coatings, shaded walkways",10.67,32.81,10.6731205,32.80691,10.67,32.81
627.0,28.588884,76.927229,43.48,0.14179375,-0.0016774999999999995,-0.16850645938096037,0.19479461041206195,37.747131342314496,2.1654228847443475,🌳 Urban Greening + 💧 Water Bodies + 🏗 Built-up Surface Treatment,58,High,"Street tree plantation, pocket parks, terrace gardens; Restore stormwater drains, create urban water features; Permeable pavements, vertical green walls on building facades, reflective road coatings, shaded walkways",10.55,32.93,10.553471,32.930866,10.55,32.93
491.0,28.561934,77.106892,43.48,0.09168795180722891,0.024489156626506022,-0.1447274169073147,0.1816923253980478,39.08781681624701,2.2039913045777664,🌳 Urban Greening + 💧 Water Bodies + 🏗 Built-up Surface Treatment,58,High,"Street tree plantation, pocket parks, terrace gardens; Restore stormwater drains, create urban water features; Permeable pavements, vertical green walls on building facades, reflective road coatings, shaded walkways",9.61,33.87,9.614343,33.86615,9.61,33.87
618.0,28.588884,76.846381,43.47,0.13905714285714285,-0.0012875000000000009,-0.16784182369839876,0.18683662148127203,35.981068060544814,2.0240906851614873,🌳 Urban Greening + 💧 Water Bodies + 🏗 Built-up Surface Treatment,61,High,"Street tree plantation, pocket parks, terrace gardens; Restore stormwater drains, create urban water features; Permeable pavements, vertical green walls on building facades, reflective road coatings, shaded walkways",10.56,32.91,10.560527,32.911514,10.56,32.91
839.0,28.624817,76.945196,43.47,0.13022560975609757,0.007467073170731708,-0.16850054868276557,0.1942752763222668,37.97689265831863,2.1405708790234317,🌳 Urban Greening + 💧 Water Bodies + 🏗 Built-up Surface Treatment,61,High,"Street tree plantation, pocket parks, terrace gardens; Restore stormwater drains, create urban water features; Permeable pavements, vertical green walls on building facades, reflective road coatings, shaded walkways",10.26,33.21,10.262006,33.209614,10.26,33.21
681.0,28.597867,76.954179,43.47,0.1394518987341772,0.0007139240506329106,-0.17077167145138727,0.19780173142214422,38.25846691426185,2.202579051508628,🌳 Urban Greening + 💧 Water Bodies + 🏗 Built-up Surface Treatment,61,High,"Street tree plantation, pocket parks, terrace gardens; Restore stormwater drains, create urban water features; Permeable pavements, vertical green walls on building facades, reflective road coatings, shaded walkways",9.85,33.62,9.854439,33.61914,9.85,33.62
478.0,28.561934,76.990111,43.45,0.14790512820512822,0.00331025641025641,-0.18016375031339937,0.19452835228081222,37.74265080746908,2.2147827413100325,💧 Water Bodies + 🏗 Built-up Surface Treatment,63,Medium,"Restore stormwater drains, create urban water features; Permeable pavements, vertical green walls on building facades, reflective road coatings, shaded walkways",10.43,33.02,10.427228,33.02364,10.43,33.02
488.0,28.561934,77.079943,43.45,0.08228354430379747,0.017988607594936708,-0.1278482944688206,0.18593276946845386,38.543830504173535,2.2156558836481595,🌳 Urban Greening + 🏗 Built-up Surface Treatment,63,High,"Street tree plantation, pocket parks, terrace gardens; Permeable pavements, vertical green walls on building facades, reflective road coatings, shaded walkways",9.91,33.54,9.91496,33.53668,9.91,33.54
530.0,28.570918,76.990111,43.44,0.146905,0.004325,-0.1804455816982631,0.19549122464087143,38.36855589732632,2.227798483301754,🌳 Urban Greening + 💧 Water Bodies + 🏗 Built-up Surface Treatment,65,High,"Street tree plantation, pocket parks, terrace gardens; Restore stormwater drains, create urban water features; Permeable pavements, vertical green walls on building facades, reflective road coatings, shaded walkways",10.55,32.9,10.54831,32.8963,10.55,32.9
625.0,28.588884,76.909263,43.42,0.14294556962025318,-0.0033063291139240514,-0.1666591288133117,0.189847105015674,37.62789784726843,2.1807247417793625,🌳 Urban Greening + 💧 Water Bodies + 🏗 Built-up Surface Treatment,66,High,"Street tree plantation, pocket parks, terrace gardens; Restore stormwater drains, create urban water features; Permeable pavements, vertical green walls on building facades, reflective road coatings, shaded walkways",10.48,32.94,10.481109,32.94203,10.48,32.94
364.0,28.543968,76.927229,43.41,0.12623928571428572,0.013608333333333333,-0.17042649839239815,0.19714821243943825,36.7895921903798,2.1300802805803984,🌳 Urban Greening + 💧 Water Bodies + 🏗 Built-up Surface Treatment,67,High,"Street tree plantation, pocket parks, terrace gardens; Restore stormwater drains, create urban water features; Permeable pavements, vertical green walls on building facades, reflective road coatings, shaded walkways",10.11,33.3,10.112575,33.301888,10.11,33.3
886.0,28.6338,76.891297,43.39,0.1296253164556962,0.0021291139240506335,-0.16304354138837504,0.19339036420319627,37.63192214079611,2.190718473783924,🌳 Urban Greening + 💧 Water Bodies + 🏗 Built-up Surface Treatment,68,High,"Street tree plantation, pocket parks, terrace gardens; Restore stormwater drains, create urban water features; Permeable pavements, vertical green walls on building facades, reflective road coatings, shaded walkways",10.35,33.04,10.348288,33.0428,10.35,33.04
576.0,28.579901,76.936213,43.36,0.13528374999999998,0.0034862500000000006,-0.16654329669423387,0.19144451033606552,37.75325223577129,2.1679661994269956,🌳 Urban Greening + 💧 Water Bodies + 🏗 Built-up Surface Treatment,69,High,"Street tree plantation, pocket parks, terrace gardens; Restore stormwater drains, create urban water features; Permeable pavements, vertical green walls on building facades, reflective road coatings, shaded walkways",10.24,33.13,10.237241,33.12713,10.24,33.13
462.0,28.561934,76.846381,43.3,0.12226212121212121,0.009334848484848484,-0.1675245684888628,0.19785250023063716,36.984077680060594,2.0598491690065894,🌳 Urban Greening + 💧 Water Bodies + 🏗 Built-up Surface Treatment,70,High,"Street tree plantation, pocket parks, terrace gardens; Restore stormwater drains, create urban water features; Permeable pavements, vertical green walls on building facades, reflective road coatings, shaded walkways",10.62,32.68,10.623502,32.680683,10.62,32.68
835.0,28.624817,76.909263,43.27,0.14594430379746837,-0.006632911392405063,-0.16735887869926425,0.19393635386211344,37.61011885946376,2.1712409054821418,🌳 Urban Greening + 💧 Water Bodies + 🏗 Built-up Surface Treatment,71,High,"Street tree plantation, pocket parks, terrace gardens; Restore stormwater drains, create urban water features; Permeable pavements, vertical green walls on building facades, reflective road coatings, shaded walkways",10.11,33.16,10.112769,33.162125,10.11,33.16
781.0,28.615833,76.90028,43.26,0.14056625,-0.0022074999999999994,-0.16822778063266022,0.19729547658165608,37.852520256310314,2.170745004898901,🌳 Urban Greening + 💧 Water Bodies + 🏗 Built-up Surface Treatment,72,High,"Street tree plantation, pocket parks, terrace gardens; Restore stormwater drains, create urban water features; Permeable pavements, vertical green walls on building facades, reflective road coatings, shaded walkways",10.3,32.96,10.30086,32.956123,10.3,32.96
383.0,28.543968,77.097909,43.25,0.09217073170731707,0.02024512195121951,-0.13884972678991617,0.16494379880534316,37.63552419942174,2.1882347805059488,🌳 Urban Greening + 💧 Water Bodies + 🏗 Built-up Surface Treatment + ☀ Cool Roofs / Pavements,74,High,"Street tree plantation, pocket parks, terrace gardens; Restore stormwater drains, create urban water features; Permeable pavements, vertical green walls on building facades, reflective road coatings, shaded walkways; White/reflective paint on rooftops, cool roof tiles",9.72,33.53,9.718453,33.533062,9.72,33.53
619.0,28.588884,76.855364,43.25,0.13136666666666666,0.002149206349206349,-0.16378610021570852,0.19045706828217976,36.701724738113896,2.1114176987254822,🌳 Urban Greening + 💧 Water Bodies + 🏗 Built-up Surface Treatment,74,High,"Street tree plantation, pocket parks, terrace gardens; Restore stormwater drains, create urban water features; Permeable pavements, vertical green walls on building facades, reflective road coatings, shaded walkways",10.32,32.93,10.318298,32.93194,10.32,32.93
784.0,28.615833,76.927229,43.25,0.12715975609756097,0.006807317073170732,-0.1656294382988899,0.19672133950326853,37.520010838643216,2.1359536212893526,🌳 Urban Greening + 💧 Water Bodies + 🏗 Built-up Surface Treatment,74,High,"Street tree plantation, pocket parks, terrace gardens; Restore stormwater drains, create urban water features; Permeable pavements, vertical green walls on building facades, reflective road coatings, shaded walkways",10.34,32.91,10.342602,32.905853,10.34,32.91
466.0,28.561934,76.882314,43.24,0.1365395061728395,-7.530864197530825e-05,-0.16757459361068158,0.19579069864682416,37.70979686638526,2.1468642736457073,🌳 Urban Greening + 💧 Water Bodies + 🏗 Built-up Surface Treatment,76,High,"Street tree plantation, pocket parks, terrace gardens; Restore stormwater drains, create urban water features; Permeable pavements, vertical green walls on building facades, reflective road coatings, shaded walkways",10.01,33.24,10.009169,33.235775,10.01,33.24
1412.0,28.741598,76.954179,43.22,0.11374074074074073,0.01425679012345679,-0.16087324201678885,0.1972004656088919,40.03115071240587,2.146176282279152,🌳 Urban Greening + 💧 Water Bodies + 🏗 Built-up Surface Treatment,77,High,"Street tree plantation, pocket parks, terrace gardens; Restore stormwater drains, create urban water features; Permeable pavements, vertical green walls on building facades, reflective road coatings, shaded walkways",9.75,33.47,9.750691,33.47206,9.75,33.47
368.0,28.543968,76.963162,43.19,0.1409890243902439,0.001337804878048781,-0.17250989758321542,0.1931156044617967,37.26677719227291,2.1770869627779583,🌳 Urban Greening + 💧 Water Bodies + 🏗 Built-up Surface Treatment,78,High,"Street tree plantation, pocket parks, terrace gardens; Restore stormwater drains, create urban water features; Permeable pavements, vertical green walls on building facades, reflective road coatings, shaded walkways",10.34,32.85,10.339989,32.851105,10.34,32.85
422.0,28.552951,76.963162,43.18,0.1442940476190476,-0.0013619047619047625,-0.17367123816867122,0.19626043015514286,38.13208852902493,2.179634025259556,🌳 Urban Greening + 💧 Water Bodies + 🏗 Built-up Surface Treatment,79,High,"Street tree plantation, pocket parks, terrace gardens; Restore stormwater drains, create urban water features; Permeable pavements, vertical green walls on building facades, reflective road coatings, shaded walkways",10.38,32.8,10.376208,32.802025,10.38,32.8
408.0,28.552951,76.837398,43.17,0.12370862068965519,0.01288103448275862,-0.16972620598510502,0.18843357000459632,36.91402056821554,2.0316121304088557,🌳 Urban Greening + 💧 Water Bodies + 🏗 Built-up Surface Treatment,80,High,"Street tree plantation, pocket parks, terrace gardens; Restore stormwater drains, create urban water features; Permeable pavements, vertical green walls on building facades, reflective road coatings, shaded walkways",10.3,32.87,10.300607,32.87109,10.3,32.87
520.0,28.570918,76.90028,43.16,0.1378172839506173,-0.00024197530864197478,-0.1663241894946144,0.1955326195129859,37.85720429988394,2.129890554930781,🌳 Urban Greening + 💧 Water Bodies + 🏗 Built-up Surface Treatment,81,High,"Street tree plantation, pocket parks, terrace gardens; Restore stormwater drains, create urban water features; Permeable pavements, vertical green walls on building facades, reflective road coatings, shaded walkways",10.55,32.61,10.547516,32.60967,10.55,32.61
731.0,28.60685,76.936213,43.16,0.13595925925925928,-0.0010432098765432091,-0.1649078676798769,0.18990702360190348,37.42175762774066,2.1467431546785645,🌳 Urban Greening + 💧 Water Bodies + 🏗 Built-up Surface Treatment,81,High,"Street tree plantation, pocket parks, terrace gardens; Restore stormwater drains, create urban water features; Permeable pavements, vertical green walls on building facades, reflective road coatings, shaded walkways",10.42,32.75,10.416946,32.747314,10.42,32.75
671.0,28.597867,76.864347,43.15,0.11080857142857142,0.012232857142857143,-0.15239249008303535,0.18003237463711497,37.228359012325896,2.1136762436501613,🌳 Urban Greening + 💧 Water Bodies + 🏗 Built-up Surface Treatment,83,High,"Street tree plantation, pocket parks, terrace gardens; Restore stormwater drains, create urban water features; Permeable pavements, vertical green walls on building facades, reflective road coatings, shaded walkways",9.88,33.27,9.878174,33.268585,9.88,33.27
1126.0,28.678715,77.017061,43.13,0.10934871794871794,0.01856025641025641,-0.14905870875684252,0.19177322411018008,39.10365755469042,2.2011207575991834,🌳 Urban Greening + 💧 Water Bodies + 🏗 Built-up Surface Treatment,84,High,"Street tree plantation, pocket parks, terrace gardens; Restore stormwater drains, create urban water features; Permeable pavements, vertical green walls on building facades, reflective road coatings, shaded walkways",9.51,33.62,9.513128,33.615562,9.51,33.62
384.0,28.543968,77.106892,43.13,0.09824875,0.01740625,-0.14352630830347526,0.17307358206394882,37.24197234797984,2.2010367224232708,🌳 Urban Greening + 💧 Water Bodies + 🏗 Built-up Surface Treatment,84,High,"Street tree plantation, pocket parks, terrace gardens; Restore stormwater drains, create urban water features; Permeable pavements, vertical green walls on building facades, reflective road coatings, shaded walkways",9.68,33.45,9.680913,33.447582,9.68,33.45
617.0,28.588884,76.837398,43.07,0.14666382978723405,-0.010565957446808511,-0.16310615395203382,0.1765848034993677,34.87577027096246,2.018568906948536,🌳 Urban Greening + 💧 Water Bodies + 🏗 Built-up Surface Treatment,87,High,"Street tree plantation, pocket parks, terrace gardens; Restore stormwater drains, create urban water features; Permeable pavements, vertical green walls on building facades, reflective road coatings, shaded walkways",10.96,32.11,10.964895,32.1055,10.96,32.11
568.0,28.579901,76.864347,43.07,0.12065866666666668,0.011498666666666667,-0.16046698387226846,0.18743075220598096,37.369147746724906,2.128424093761416,🌳 Urban Greening + 💧 Water Bodies + 🏗 Built-up Surface Treatment,87,High,"Street tree plantation, pocket parks, terrace gardens; Restore stormwater drains, create urban water features; Permeable pavements, vertical green walls on building facades, reflective road coatings, shaded walkways",9.73,33.34,9.730567,33.340866,9.73,33.34
467.0,28.561934,76.891297,43.07,0.13650500000000002,0.005802500000000001,-0.17083948238635452,0.19277636914946872,37.21239590947185,2.144599842353552,🌳 Urban Greening + 💧 Water Bodies + 🏗 Built-up Surface Treatment,87,High,"Street tree plantation, pocket parks, terrace gardens; Restore stormwater drains, create urban water features; Permeable pavements, vertical green walls on building facades, reflective road coatings, shaded walkways",9.91,33.16,9.906651,33.163612,9.91,33.16
517.0,28.570918,76.87333,43.06,0.13190625,0.0011112500000000005,-0.1617891829218882,0.19033533498815647,37.085872588465435,2.1708622177590344,🌳 Urban Greening + 💧 Water Bodies + 🏗 Built-up Surface Treatment,89,High,"Street tree plantation, pocket parks, terrace gardens; Restore stormwater drains, create urban water features; Permeable pavements, vertical green walls on building facades, reflective road coatings, shaded walkways",10.29,32.77,10.289631,32.769073,10.29,32.77
253.0,28.526002,76.87333,43.06,0.1490716049382716,-0.004507407407407407,-0.17513388492023615,0.18652743883166448,37.098601658042284,2.1371189272692224,💧 Water Bodies + 🏗 Built-up Surface Treatment,89,Medium,"Restore stormwater drains, create urban water features; Permeable pavements, vertical green walls on building facades, reflective road coatings, shaded walkways",10.16,32.9,10.156578,32.89974,10.16,32.9
567.0,28.579901,76.855364,43.05,0.13599117647058825,0.00040000000000000024,-0.1646342209808934,0.18825551487571268,36.647553283008875,2.145099439369047,🌳 Urban Greening + 💧 Water Bodies + 🏗 Built-up Surface Treatment,92,High,"Street tree plantation, pocket parks, terrace gardens; Restore stormwater drains, create urban water features; Permeable pavements, vertical green walls on building facades, reflective road coatings, shaded walkways",10.46,32.59,10.456066,32.591156,10.46,32.59
363.0,28.543968,76.918246,43.05,0.1344,0.007764197530864198,-0.17165098425336453,0.19757128537331137,36.41354575214899,2.1118620270186494,🌳 Urban Greening + 💧 Water Bodies + 🏗 Built-up Surface Treatment,92,High,"Street tree plantation, pocket parks, terrace gardens; Restore stormwater drains, create urban water features; Permeable pavements, vertical green walls on building facades, reflective road coatings, shaded walkways",10.02,33.03,10.019839,33.030483,10.02,33.03
414.0,28.552951,76.891297,43.05,0.15057088607594935,-0.008668354430379747,-0.1680710171935226,0.18918124062602087,37.21854986993723,2.146625519805394,💧 Water Bodies + 🏗 Built-up Surface Treatment,92,Medium,"Restore stormwater drains, create urban water features; Permeable pavements, vertical green walls on building facades, reflective road coatings, shaded walkways",10.23,32.82,10.232433,32.819622,10.23,32.82
726.0,28.60685,76.891297,43.05,0.13638250000000002,-0.0041199999999999995,-0.15952566242779076,0.19189032992931962,37.852520256310314,2.170745004898901,🌳 Urban Greening + 💧 Water Bodies + 🏗 Built-up Surface Treatment,92,High,"Street tree plantation, pocket parks, terrace gardens; Restore stormwater drains, create urban water features; Permeable pavements, vertical green walls on building facades, reflective road coatings, shaded walkways",10.0,33.05,10.003245,33.051594,10.0,33.05
892.0,28.6338,76.945196,43.03,0.1388,-0.0005074074074074077,-0.16808533283473537,0.1946014783209757,37.88242098469168,2.151221038564078,🌳 Urban Greening + 💧 Water Bodies + 🏗 Built-up Surface Treatment,95,High,"Street tree plantation, pocket parks, terrace gardens; Restore stormwater drains, create urban water features; Permeable pavements, vertical green walls on building facades, reflective road coatings, shaded walkways",10.26,32.77,10.260345,32.765263,10.26,32.77
676.0,28.597867,76.909263,43.02,0.12904567901234568,0.004923456790123457,-0.16404475032685742,0.19304115533734031,37.96358368848262,2.146008293117653,🌳 Urban Greening + 💧 Water Bodies + 🏗 Built-up Surface Treatment,96,High,"Street tree plantation, pocket parks, terrace gardens; Restore stormwater drains, create urban water features; Permeable pavements, vertical green walls on building facades, reflective road coatings, shaded walkways",10.26,32.76,10.260525,32.7599,10.26,32.76
1125.0,28.678715,77.008078,43.02,0.13359873417721518,0.006762025316455696,-0.1604140426245264,0.18761182806756652,38.891079057187696,2.184528193591898,🌳 Urban Greening + 💧 Water Bodies + 🏗 Built-up Surface Treatment,96,High,"Street tree plantation, pocket parks, terrace gardens; Restore stormwater drains, create urban water features; Permeable pavements, vertical green walls on building facades, reflective road coatings, shaded walkways",9.98,33.04,9.978204,33.03757,9.98,33.04
832.0,28.624817,76.882314,43.0,0.16103378378378377,-0.021185135135135136,-0.16490498082979477,0.18693527576162045,37.035029101735624,2.186328999197964,💧 Water Bodies + 🏗 Built-up Surface Treatment,98,Medium,"Restore stormwater drains, create urban water features; Permeable pavements, vertical green walls on building facades, reflective road coatings, shaded walkways",9.64,33.36,9.639669,33.359844,9.64,33.36
410.0,28.552951,76.855364,43.0,0.1398013157894737,-0.004789473684210527,-0.16707260203589477,0.19315263501830784,37.12783040142623,2.1542011381714836,🌳 Urban Greening + 💧 Water Bodies + 🏗 Built-up Surface Treatment,98,High,"Street tree plantation, pocket parks, terrace gardens; Restore stormwater drains, create urban water features; Permeable pavements, vertical green walls on building facades, reflective road coatings, shaded walkways",9.97,33.03,9.973602,33.02882,9.97,33.03
413.0,28.552951,76.882314,42.99,0.14398292682926828,-0.006358536585365854,-0.16733583632409801,0.19242831113934544,37.417930236854936,2.149153931922228,🌳 Urban Greening + 💧 Water Bodies + 🏗 Built-up Surface Treatment,101,High,"Street tree plantation, pocket parks, terrace gardens; Restore stormwater drains, create urban water features; Permeable pavements, vertical green walls on building facades, reflective road coatings, shaded walkways",9.55,33.44,9.547073,33.43843,9.55,33.44
570.0,28.579901,76.882314,42.99,0.12893086419753086,0.004975308641975309,-0.16253945303167355,0.19283201149047316,37.63563486288201,2.153104259837634,🌳 Urban Greening + 💧 Water Bodies + 🏗 Built-up Surface Treatment,101,High,"Street tree plantation, pocket parks, terrace gardens; Restore stormwater drains, create urban water features; Permeable pavements, vertical green walls on building facades, reflective road coatings, shaded walkways",10.02,32.96,10.023863,32.961998,10.02,32.96
356.0,28.543968,76.855364,42.99,0.1428092105263158,-0.0019999999999999996,-0.17083143365759726,0.19756346666531432,36.365239992550485,2.1581386897799595,🌳 Urban Greening + 💧 Water Bodies + 🏗 Built-up Surface Treatment,101,High,"Street tree plantation, pocket parks, terrace gardens; Restore stormwater drains, create urban water features; Permeable pavements, vertical green walls on building facades, reflective road coatings, shaded walkways",10.17,32.82,10.16561,32.824436,10.17,32.82
730.0,28.60685,76.927229,42.99,0.12424404761904763,0.007445238095238095,-0.16373654485510106,0.19576492190869701,37.86611421691885,2.1183359892198252,🌳 Urban Greening + 💧 Water Bodies + 🏗 Built-up Surface Treatment,101,High,"Street tree plantation, pocket parks, terrace gardens; Restore stormwater drains, create urban water features; Permeable pavements, vertical green walls on building facades, reflective road coatings, shaded walkways",9.91,33.08,9.910133,33.081,9.91,33.08
884.0,28.6338,76.87333,42.98,0.14696376811594203,-0.011234782608695652,-0.1629386631873814,0.18900048567321087,37.473917789481085,2.1335578608778993,🌳 Urban Greening + 💧 Water Bodies + 🏗 Built-up Surface Treatment,104,High,"Street tree plantation, pocket parks, terrace gardens; Restore stormwater drains, create urban water features; Permeable pavements, vertical green walls on building facades, reflective road coatings, shaded walkways",10.72,32.26,10.723481,32.256798,10.72,32.26
409.0,28.552951,76.846381,42.98,0.1251753846153846,0.007029230769230769,-0.16693604343493237,0.19805933397307793,36.576327557169364,2.0815186864561723,🌳 Urban Greening + 💧 Water Bodies + 🏗 Built-up Surface Treatment,104,High,"Street tree plantation, pocket parks, terrace gardens; Restore stormwater drains, create urban water features; Permeable pavements, vertical green walls on building facades, reflective road coatings, shaded walkways",10.44,32.54,10.442284,32.54202,10.44,32.54
172.0,28.508036,76.882314,42.97,0.14297590361445783,-0.0032349397590361443,-0.17298856739994617,0.1932381619924973,36.570798163538115,2.1340129809982287,🌳 Urban Greening + 💧 Water Bodies + 🏗 Built-up Surface Treatment,106,High,"Street tree plantation, pocket parks, terrace gardens; Restore stormwater drains, create urban water features; Permeable pavements, vertical green walls on building facades, reflective road coatings, shaded walkways",10.14,32.83,10.142448,32.825855,10.14,32.83
1291.0,28.714648,76.945196,42.97,0.12887777777777779,0.009408641975308642,-0.16598964908351327,0.19267047697225312,38.383164938864105,2.137524049021755,🌳 Urban Greening + 💧 Water Bodies + 🏗 Built-up Surface Treatment,106,High,"Street tree plantation, pocket parks, terrace gardens; Restore stormwater drains, create urban water features; Permeable pavements, vertical green walls on building facades, reflective road coatings, shaded walkways",10.1,32.86,10.104762,32.860245,10.1,32.86
632.0,28.588884,76.972145,42.95,0.14438271604938271,-0.0009839506172839504,-0.17214828750585567,0.19612244753472047,38.56507006312398,2.1800259801252175,🌳 Urban Greening + 💧 Water Bodies + 🏗 Built-up Surface Treatment,108,High,"Street tree plantation, pocket parks, terrace gardens; Restore stormwater drains, create urban water features; Permeable pavements, vertical green walls on building facades, reflective road coatings, shaded walkways",9.77,33.18,9.766084,33.184288,9.77,33.18
415.0,28.552951,76.90028,42.94,0.14114556962025315,-0.0029708860759493677,-0.16566243906910874,0.19056008878372907,37.016661473798464,2.119856232233129,🌳 Urban Greening + 💧 Water Bodies + 🏗 Built-up Surface Treatment,109,High,"Street tree plantation, pocket parks, terrace gardens; Restore stormwater drains, create urban water features; Permeable pavements, vertical green walls on building facades, reflective road coatings, shaded walkways",9.95,32.99,9.95499,32.989853,9.95,32.99
439.0,28.552951,77.115876,42.93,0.10906835443037975,0.01230126582278481,-0.1519536011016371,0.18791592808327232,38.16432944284787,2.2050340054661874,🌳 Urban Greening + 💧 Water Bodies + 🏗 Built-up Surface Treatment,110,High,"Street tree plantation, pocket parks, terrace gardens; Restore stormwater drains, create urban water features; Permeable pavements, vertical green walls on building facades, reflective road coatings, shaded walkways",9.86,33.06,9.864663,33.06066,9.86,33.06
837.0,28.624817,76.927229,42.93,0.13740987654320988,0.0005530864197530863,-0.16685131149842145,0.19263243566598837,37.73986088675445,2.170605908676306,🌳 Urban Greening + 💧 Water Bodies + 🏗 Built-up Surface Treatment,110,High,"Street tree plantation, pocket parks, terrace gardens; Restore stormwater drains, create urban water features; Permeable pavements, vertical green walls on building facades, reflective road coatings, shaded walkways",10.2,32.73,10.203052,32.730648,10.2,32.73
382.0,28.543968,77.088926,42.91,0.10358780487804878,0.023710975609756095,-0.152893897243309,0.16364267980881034,37.63552419942174,2.1882347805059488,🌳 Urban Greening + 💧 Water Bodies + 🏗 Built-up Surface Treatment + ☀ Cool Roofs / Pavements,112,High,"Street tree plantation, pocket parks, terrace gardens; Restore stormwater drains, create urban water features; Permeable pavements, vertical green walls on building facades, reflective road coatings, shaded walkways; White/reflective paint on rooftops, cool roof tiles",9.17,33.74,9.1671505,33.74366,9.17,33.74
1162.0,28.687699,76.954179,42.91,0.08424938271604938,0.0174679012345679,-0.12261979984579609,0.16639877543498116,39.087878757890955,2.1698193874226437,🌳 Urban Greening + 🏗 Built-up Surface Treatment + ☀ Cool Roofs / Pavements,112,High,"Street tree plantation, pocket parks, terrace gardens; Permeable pavements, vertical green walls on building facades, reflective road coatings, shaded walkways; White/reflective paint on rooftops, cool roof tiles",9.63,33.28,9.629624,33.280766,9.63,33.28
205.0,28.517019,76.882314,42.9,0.15170625,-0.008643750000000002,-0.1729149882624331,0.19092665439903456,36.19447879532635,2.1655284854651575,💧 Water Bodies + 🏗 Built-up Surface Treatment,114,Medium,"Restore stormwater drains, create urban water features; Permeable pavements, vertical green walls on building facades, reflective road coatings, shaded walkways",9.96,32.94,9.964469,32.93888,9.96,32.94
840.0,28.624817,76.954179,42.9,0.14511234567901235,-0.004476543209876544,-0.16961989694642104,0.19499578584098104,38.67701831998666,2.159712127864296,🌳 Urban Greening + 💧 Water Bodies + 🏗 Built-up Surface Treatment,114,High,"Street tree plantation, pocket parks, terrace gardens; Restore stormwater drains, create urban water features; Permeable pavements, vertical green walls on building facades, reflective road coatings, shaded walkways",10.27,32.62,10.274866,32.620182,10.27,32.62
723.0,28.60685,76.864347,42.86,0.14244714285714286,-0.007225714285714286,-0.16486456500842797,0.18984614366912964,37.10214291730574,2.149961729928475,🌳 Urban Greening + 💧 Water Bodies + 🏗 Built-up Surface Treatment,116,High,"Street tree plantation, pocket parks, terrace gardens; Restore stormwater drains, create urban water features; Permeable pavements, vertical green walls on building facades, reflective road coatings, shaded walkways",9.81,33.05,9.806319,33.050465,9.81,33.05
317.0,28.534985,76.981128,42.84,0.15432716049382716,-0.00757037037037037,-0.1748963383142552,0.19408227598409478,36.825871613486406,2.1701159228531415,💧 Water Bodies + 🏗 Built-up Surface Treatment,117,Medium,"Restore stormwater drains, create urban water features; Permeable pavements, vertical green walls on building facades, reflective road coatings, shaded walkways",10.34,32.5,10.336194,32.499367,10.34,32.5
1449.0,28.750581,76.954179,42.83,0.12325555555555556,0.0084,-0.16410408621506165,0.2033088140775638,40.7331278144287,2.132137063474666,🌳 Urban Greening + 💧 Water Bodies + 🏗 Built-up Surface Treatment,118,High,"Street tree plantation, pocket parks, terrace gardens; Restore stormwater drains, create urban water features; Permeable pavements, vertical green walls on building facades, reflective road coatings, shaded walkways",9.53,33.31,9.5262,33.30849,9.53,33.31
725.0,28.60685,76.882314,42.83,0.14357307692307694,-0.01030897435897436,-0.15903284379897517,0.18742740411285422,37.51025334914766,2.169386773660196,🌳 Urban Greening + 💧 Water Bodies + 🏗 Built-up Surface Treatment,118,High,"Street tree plantation, pocket parks, terrace gardens; Restore stormwater drains, create urban water features; Permeable pavements, vertical green walls on building facades, reflective road coatings, shaded walkways",9.35,33.47,9.35427,33.472546,9.35,33.47
472.0,28.561934,76.936213,42.8,0.14288625,-0.0024487500000000004,-0.16918708095390828,0.19382590469987013,37.18821993914861,2.134717152411289,🌳 Urban Greening + 💧 Water Bodies + 🏗 Built-up Surface Treatment,120,High,"Street tree plantation, pocket parks, terrace gardens; Restore stormwater drains, create urban water features; Permeable pavements, vertical green walls on building facades, reflective road coatings, shaded walkways",10.32,32.48,10.317171,32.480656,10.32,32.48
778.0,28.615833,76.87333,42.76,0.14987222222222224,-0.011702777777777777,-0.16450926301378216,0.18872052625331218,36.91976040558799,2.155390541165998,💧 Water Bodies + 🏗 Built-up Surface Treatment,121,Medium,"Restore stormwater drains, create urban water features; Permeable pavements, vertical green walls on building facades, reflective road coatings, shaded walkways",10.48,32.28,10.484628,32.277935,10.48,32.28
463.0,28.561934,76.855364,42.76,0.13692297297297298,-0.003371621621621622,-0.1656642163944638,0.1920684506010752,37.55583535970796,2.1386313629636624,🌳 Urban Greening + 💧 Water Bodies + 🏗 Built-up Surface Treatment,121,High,"Street tree plantation, pocket parks, terrace gardens; Restore stormwater drains, create urban water features; Permeable pavements, vertical green walls on building facades, reflective road coatings, shaded walkways",10.07,32.69,10.074628,32.686573,10.07,32.69
370.0,28.543968,76.981128,42.75,0.1564320987654321,-0.010523456790123457,-0.1733194331078953,0.19412136905126762,36.825871613486406,2.1701159228531415,💧 Water Bodies + 🏗 Built-up Surface Treatment,123,Medium,"Restore stormwater drains, create urban water features; Permeable pavements, vertical green walls on building facades, reflective road coatings, shaded walkways",10.54,32.21,10.535851,32.20991,10.54,32.21
1453.0,28.750581,76.990111,42.74,0.1327922077922078,0.0005519480519480517,-0.162494834566163,0.1884283305736818,39.9220794760482,2.1948181167095817,🌳 Urban Greening + 💧 Water Bodies + 🏗 Built-up Surface Treatment,124,High,"Street tree plantation, pocket parks, terrace gardens; Restore stormwater drains, create urban water features; Permeable pavements, vertical green walls on building facades, reflective road coatings, shaded walkways",9.32,33.43,9.319071,33.42562,9.32,33.43
626.0,28.588884,76.918246,42.72,0.14564875,-0.007454999999999999,-0.16289652721305284,0.1873686004839027,37.747131342314496,2.1654228847443475,🌳 Urban Greening + 💧 Water Bodies + 🏗 Built-up Surface Treatment,125,High,"Street tree plantation, pocket parks, terrace gardens; Restore stormwater drains, create urban water features; Permeable pavements, vertical green walls on building facades, reflective road coatings, shaded walkways",10.33,32.39,10.329884,32.388065,10.33,32.39
412.0,28.552951,76.87333,42.7,0.14662650602409638,-0.0073518072289156635,-0.1676096669689802,0.1905206012118079,37.817768184687395,2.1257196995817162,🌳 Urban Greening + 💧 Water Bodies + 🏗 Built-up Surface Treatment,126,High,"Street tree plantation, pocket parks, terrace gardens; Restore stormwater drains, create urban water features; Permeable pavements, vertical green walls on building facades, reflective road coatings, shaded walkways",9.86,32.84,9.858188,32.84421,9.86,32.84
532.0,28.570918,77.008078,42.7,0.15695696202531645,-0.007637974683544304,-0.1750438000088867,0.1896403856665048,38.15325943715347,2.1978212340033068,💧 Water Bodies + 🏗 Built-up Surface Treatment,126,Medium,"Restore stormwater drains, create urban water features; Permeable pavements, vertical green walls on building facades, reflective road coatings, shaded walkways",10.5,32.2,10.502471,32.198967,10.5,32.2
1129.0,28.678715,77.04401,42.69,0.08376375,0.02962,-0.1333461801039141,0.1876068753621681,39.54350196155067,2.1931340929279455,🌳 Urban Greening + 🏗 Built-up Surface Treatment,128,High,"Street tree plantation, pocket parks, terrace gardens; Permeable pavements, vertical green walls on building facades, reflective road coatings, shaded walkways",8.79,33.9,8.787865,33.89729,8.79,33.9
523.0,28.570918,76.927229,42.66,0.15856666666666666,-0.007303846153846154,-0.17363420053119538,0.18128337189503474,36.80138798569059,2.1582082741656627,💧 Water Bodies + 🏗 Built-up Surface Treatment,129,Medium,"Restore stormwater drains, create urban water features; Permeable pavements, vertical green walls on building facades, reflective road coatings, shaded walkways",10.62,32.04,10.620406,32.037697,10.62,32.04
1375.0,28.732614,76.963162,42.65,0.1326421686746988,0.0018650602409638556,-0.16487703255202982,0.19210303702185186,39.480130827382965,2.147333272648312,🌳 Urban Greening + 💧 Water Bodies + 🏗 Built-up Surface Treatment,130,High,"Street tree plantation, pocket parks, terrace gardens; Restore stormwater drains, create urban water features; Permeable pavements, vertical green walls on building facades, reflective road coatings, shaded walkways",10.19,32.46,10.185031,32.46016,10.19,32.46
1339.0,28.723631,76.990111,42.64,0.139059756097561,-0.005308536585365853,-0.16386770197528686,0.192350147553218,39.26984084702701,2.1593863831600606,🌳 Urban Greening + 💧 Water Bodies + 🏗 Built-up Surface Treatment,132,High,"Street tree plantation, pocket parks, terrace gardens; Restore stormwater drains, create urban water features; Permeable pavements, vertical green walls on building facades, reflective road coatings, shaded walkways",9.28,33.36,9.27574,33.360806,9.28,33.36
543.0,28.570918,77.106892,42.64,0.11000481927710844,0.02066987951807229,-0.15762202918778714,0.18775245334154303,39.2378801585312,2.2223880617119667,🌳 Urban Greening + 💧 Water Bodies + 🏗 Built-up Surface Treatment,132,High,"Street tree plantation, pocket parks, terrace gardens; Restore stormwater drains, create urban water features; Permeable pavements, vertical green walls on building facades, reflective road coatings, shaded walkways",9.35,33.29,9.354497,33.287968,9.35,33.29
981.0,28.651766,76.918246,42.64,0.13464074074074076,-0.0016617283950617285,-0.16153320701068022,0.19527490782054707,39.07246793701728,2.133669059505672,🌳 Urban Greening + 💧 Water Bodies + 🏗 Built-up Surface Treatment,132,High,"Street tree plantation, pocket parks, terrace gardens; Restore stormwater drains, create urban water features; Permeable pavements, vertical green walls on building facades, reflective road coatings, shaded walkways",9.92,32.73,9.9194355,32.725063,9.92,32.73
1337.0,28.723631,76.972145,42.61,0.12515925925925925,0.004067901234567901,-0.156605111517677,0.19220420287212978,39.0269071829605,2.154951223149758,🌳 Urban Greening + 💧 Water Bodies + 🏗 Built-up Surface Treatment,134,High,"Street tree plantation, pocket parks, terrace gardens; Restore stormwater drains, create urban water features; Permeable pavements, vertical green walls on building facades, reflective road coatings, shaded walkways",9.89,32.71,9.893429,32.71208,9.89,32.71
475.0,28.561934,76.963162,42.61,0.15087875,-0.00958,-0.16797463660824383,0.18920208697791552,37.70288455639895,2.1994976118190532,💧 Water Bodies + 🏗 Built-up Surface Treatment,134,Medium,"Restore stormwater drains, create urban water features; Permeable pavements, vertical green walls on building facades, reflective road coatings, shaded walkways",10.16,32.45,10.1629505,32.44625,10.16,32.45
834.0,28.624817,76.90028,42.6,0.15249375,-0.017605000000000003,-0.16092314645767408,0.18738067615623719,37.851818973739036,2.167043518785618,💧 Water Bodies + 🏗 Built-up Surface Treatment,137,Medium,"Restore stormwater drains, create urban water features; Permeable pavements, vertical green walls on building facades, reflective road coatings, shaded walkways",9.89,32.71,9.8930025,32.70919,9.89,32.71
887.0,28.6338,76.90028,42.6,0.1478175,-0.012787500000000002,-0.16255273375224316,0.18923794208329342,37.94781126532201,2.1644408984673342,💧 Water Bodies + 🏗 Built-up Surface Treatment,137,Medium,"Restore stormwater drains, create urban water features; Permeable pavements, vertical green walls on building facades, reflective road coatings, shaded walkways",10.03,32.57,10.028533,32.573174,10.03,32.57
1127.0,28.678715,77.026044,42.6,0.09059871794871795,0.01745128205128205,-0.12948323145301316,0.18156761072154057,39.10365755469042,2.2011207575991834,🌳 Urban Greening + 🏗 Built-up Surface Treatment,137,High,"Street tree plantation, pocket parks, terrace gardens; Permeable pavements, vertical green walls on building facades, reflective road coatings, shaded walkways",9.06,33.53,9.064797,33.530777,9.06,33.53
204.0,28.517019,76.87333,42.57,0.1449283950617284,-0.003922222222222223,-0.1710175801952644,0.1901200110435119,36.24189648276374,2.152488181008711,🌳 Urban Greening + 💧 Water Bodies + 🏗 Built-up Surface Treatment,139,High,"Street tree plantation, pocket parks, terrace gardens; Restore stormwater drains, create urban water features; Permeable pavements, vertical green walls on building facades, reflective road coatings, shaded walkways",10.21,32.36,10.21248,32.358105,10.21,32.36
1553.0,28.77753,76.945196,42.56,0.1350578947368421,-0.0011736842105263157,-0.16473516947839703,0.1960862979597838,39.557293635661374,2.166070206866118,🌳 Urban Greening + 💧 Water Bodies + 🏗 Built-up Surface Treatment,140,High,"Street tree plantation, pocket parks, terrace gardens; Restore stormwater drains, create urban water features; Permeable pavements, vertical green walls on building facades, reflective road coatings, shaded walkways",9.54,33.02,9.541628,33.022636,9.54,33.02
309.0,28.534985,76.909263,42.54,0.15544430379746835,-0.010968354430379747,-0.1671820458955966,0.17933652262768698,36.28739487322932,2.1451026724755784,💧 Water Bodies + 🏗 Built-up Surface Treatment,141,Medium,"Restore stormwater drains, create urban water features; Permeable pavements, vertical green walls on building facades, reflective road coatings, shaded walkways",9.85,32.69,9.852729,32.686428,9.85,32.69
1294.0,28.714648,76.972145,42.53,0.1259548780487805,0.005710975609756097,-0.1583258705002376,0.18920374447839525,39.26984084702701,2.1593863831600606,🌳 Urban Greening + 💧 Water Bodies + 🏗 Built-up Surface Treatment,143,High,"Street tree plantation, pocket parks, terrace gardens; Restore stormwater drains, create urban water features; Permeable pavements, vertical green walls on building facades, reflective road coatings, shaded walkways",10.02,32.51,10.021974,32.512547,10.02,32.51
436.0,28.552951,77.088926,42.53,0.08764,0.0047525,-0.11561317566778628,0.19047472566474397,38.27419296160241,2.2005940681287437,🌳 Urban Greening + 🏗 Built-up Surface Treatment,143,High,"Street tree plantation, pocket parks, terrace gardens; Permeable pavements, vertical green walls on building facades, reflective road coatings, shaded walkways",9.2,33.33,9.2001505,33.329006,9.2,33.33
411.0,28.552951,76.864347,42.53,0.13086625000000002,-0.00015874999999999987,-0.15969434715245412,0.1879691624968482,37.16599682185067,2.1504112415552274,🌳 Urban Greening + 💧 Water Bodies + 🏗 Built-up Surface Treatment,143,High,"Street tree plantation, pocket parks, terrace gardens; Restore stormwater drains, create urban water features; Permeable pavements, vertical green walls on building facades, reflective road coatings, shaded walkways",9.63,32.9,9.633091,32.901154,9.63,32.9
1027.0,28.660749,76.927229,42.52,0.12443373493975902,0.004057831325301206,-0.15874530534343842,0.19767926320747373,39.72703388369014,2.1347031224563526,🌳 Urban Greening + 💧 Water Bodies + 🏗 Built-up Surface Treatment,145,High,"Street tree plantation, pocket parks, terrace gardens; Restore stormwater drains, create urban water features; Permeable pavements, vertical green walls on building facades, reflective road coatings, shaded walkways",9.63,32.89,9.628709,32.89426,9.63,32.89
1207.0,28.696682,76.963162,42.51,0.1010048780487805,0.009186585365853659,-0.13936203892280818,0.1860060065110019,39.26984084702701,2.1593863831600606,🌳 Urban Greening + 💧 Water Bodies + 🏗 Built-up Surface Treatment,146,High,"Street tree plantation, pocket parks, terrace gardens; Restore stormwater drains, create urban water features; Permeable pavements, vertical green walls on building facades, reflective road coatings, shaded walkways",9.61,32.91,9.605391,32.908913,9.61,32.91
573.0,28.579901,76.909263,42.5,0.14743417721518987,-0.009865822784810126,-0.1612595562702153,0.18534931887387593,37.62789784726843,2.1807247417793625,💧 Water Bodies + 🏗 Built-up Surface Treatment,147,Medium,"Restore stormwater drains, create urban water features; Permeable pavements, vertical green walls on building facades, reflective road coatings, shaded walkways",10.41,32.09,10.413181,32.0912,10.41,32.09
1413.0,28.741598,76.963162,42.5,0.12790731707317074,0.0015585365853658534,-0.1602081521484449,0.1984869225540082,39.6895232002538,2.1626628466925153,🌳 Urban Greening + 💧 Water Bodies + 🏗 Built-up Surface Treatment,147,High,"Street tree plantation, pocket parks, terrace gardens; Restore stormwater drains, create urban water features; Permeable pavements, vertical green walls on building facades, reflective road coatings, shaded walkways",9.76,32.74,9.7602005,32.73507,9.76,32.74
434.0,28.552951,77.07096,42.48,0.09977654320987653,0.010267901234567901,-0.1357775652577504,0.1748842347411186,38.51127283556619,2.19934503700241,🌳 Urban Greening + 🏗 Built-up Surface Treatment,149,High,"Street tree plantation, pocket parks, terrace gardens; Permeable pavements, vertical green walls on building facades, reflective road coatings, shaded walkways",9.14,33.35,9.1373205,33.347576,9.14,33.35
1338.0,28.723631,76.981128,42.47,0.1355780487804878,-0.004952439024390244,-0.16073145246992032,0.1942424363877514,39.242724280931355,2.1428052108026256,🌳 Urban Greening + 💧 Water Bodies + 🏗 Built-up Surface Treatment,150,High,"Street tree plantation, pocket parks, terrace gardens; Restore stormwater drains, create urban water features; Permeable pavements, vertical green walls on building facades, reflective road coatings, shaded walkways",9.47,32.99,9.471828,32.99452,9.47,32.99
1209.0,28.696682,76.981128,42.46,0.14520875,-0.00236,-0.1648477066448688,0.18914900192448866,38.90319190186337,2.1855880216515753,🌳 Urban Greening + 💧 Water Bodies + 🏗 Built-up Surface Treatment,151,High,"Street tree plantation, pocket parks, terrace gardens; Restore stormwater drains, create urban water features; Permeable pavements, vertical green walls on building facades, reflective road coatings, shaded walkways",10.29,32.17,10.2908745,32.1694,10.29,32.17
1165.0,28.687699,76.981128,42.41,0.1282280487804878,0.006508536585365853,-0.1540618526794285,0.18731329677826894,39.30295230006998,2.157492055999013,🌳 Urban Greening + 💧 Water Bodies + 🏗 Built-up Surface Treatment,152,High,"Street tree plantation, pocket parks, terrace gardens; Restore stormwater drains, create urban water features; Permeable pavements, vertical green walls on building facades, reflective road coatings, shaded walkways",9.99,32.42,9.99266,32.417404,9.99,32.42
544.0,28.570918,77.115876,42.41,0.10469250000000001,0.007617499999999999,-0.13743914624569137,0.1831739926269979,38.96136659137254,2.2225067721363976,🌳 Urban Greening + 🏗 Built-up Surface Treatment,152,High,"Street tree plantation, pocket parks, terrace gardens; Permeable pavements, vertical green walls on building facades, reflective road coatings, shaded walkways",9.47,32.93,9.474555,32.93146,9.47,32.93
579.0,28.579901,76.963162,42.4,0.15823291139240508,-0.01500253164556962,-0.16753043851473806,0.18913659027743232,37.912108473104404,2.1934339712832744,💧 Water Bodies + 🏗 Built-up Surface Treatment,154,Medium,"Restore stormwater drains, create urban water features; Permeable pavements, vertical green walls on building facades, reflective road coatings, shaded walkways",10.14,32.26,10.14199,32.261806,10.14,32.26
1489.0,28.759564,76.990111,42.4,0.13468181818181818,-0.0030909090909090908,-0.1606467757781496,0.1901111295623791,40.32508837141148,2.2114813423795994,🌳 Urban Greening + 💧 Water Bodies + 🏗 Built-up Surface Treatment,154,High,"Street tree plantation, pocket parks, terrace gardens; Restore stormwater drains, create urban water features; Permeable pavements, vertical green walls on building facades, reflective road coatings, shaded walkways",9.15,33.25,9.152858,33.247627,9.15,33.25
1448.0,28.750581,76.945196,42.39,0.13594390243902438,-0.0019475609756097556,-0.1647413707840501,0.19532371986704164,40.10666068194478,2.1401147416555637,🌳 Urban Greening + 💧 Water Bodies + 🏗 Built-up Surface Treatment,156,High,"Street tree plantation, pocket parks, terrace gardens; Restore stormwater drains, create urban water features; Permeable pavements, vertical green walls on building facades, reflective road coatings, shaded walkways",9.45,32.94,9.452281,32.938076,9.45,32.94
3.0,28.409221,77.187741,42.39,0.14851518987341772,0.021068354430379747,-0.1987160016775291,0.1630409676680471,38.41489768164676,2.2162386196713126,💧 Water Bodies + 🏗 Built-up Surface Treatment + ☀ Cool Roofs / Pavements,156,Medium,"Restore stormwater drains, create urban water features; Permeable pavements, vertical green walls on building facades, reflective road coatings, shaded walkways; White/reflective paint on rooftops, cool roof tiles",8.52,33.87,8.523716,33.867905,8.52,33.87
1026.0,28.660749,76.918246,42.38,0.1246843373493976,0.004062650602409638,-0.15851861870129635,0.195135443191308,39.72703388369014,2.1347031224563526,🌳 Urban Greening + 💧 Water Bodies + 🏗 Built-up Surface Treatment,159,High,"Street tree plantation, pocket parks, terrace gardens; Restore stormwater drains, create urban water features; Permeable pavements, vertical green walls on building facades, reflective road coatings, shaded walkways",9.63,32.75,9.631205,32.74848,9.63,32.75
362.0,28.543968,76.909263,42.38,0.15252469135802468,-0.009065432098765432,-0.1688612960048498,0.1924548240293892,36.41354575214899,2.1118620270186494,💧 Water Bodies + 🏗 Built-up Surface Treatment,159,Medium,"Restore stormwater drains, create urban water features; Permeable pavements, vertical green walls on building facades, reflective road coatings, shaded walkways",9.99,32.39,9.991096,32.38977,9.99,32.39
1415.0,28.741598,76.981128,42.38,0.13831875,-0.003912499999999999,-0.1606856539183095,0.1911987846198083,39.40638802695061,2.17004905707878,🌳 Urban Greening + 💧 Water Bodies + 🏗 Built-up Surface Treatment,159,High,"Street tree plantation, pocket parks, terrace gardens; Restore stormwater drains, create urban water features; Permeable pavements, vertical green walls on building facades, reflective road coatings, shaded walkways",9.92,32.46,9.918524,32.4568,9.92,32.46
581.0,28.579901,76.981128,42.38,0.17101358024691357,-0.012529629629629632,-0.17947827402161787,0.18595000895500807,38.26834339147105,2.205152266256221,💧 Water Bodies + 🏗 Built-up Surface Treatment,159,Medium,"Restore stormwater drains, create urban water features; Permeable pavements, vertical green walls on building facades, reflective road coatings, shaded walkways",10.58,31.8,10.58288,31.799389,10.58,31.8
465.0,28.561934,76.87333,42.37,0.1402829268292683,-0.004571951219512196,-0.16395589570414834,0.19085405545889142,37.74585354457709,2.1526984839453593,🌳 Urban Greening + 💧 Water Bodies + 🏗 Built-up Surface Treatment,162,High,"Street tree plantation, pocket parks, terrace gardens; Restore stormwater drains, create urban water features; Permeable pavements, vertical green walls on building facades, reflective road coatings, shaded walkways",10.02,32.35,10.016051,32.352867,10.02,32.35
1292.0,28.714648,76.954179,42.37,0.12782560975609755,0.001771951219512195,-0.15658952051492894,0.19195437650066552,39.26984084702701,2.1593863831600606,🌳 Urban Greening + 💧 Water Bodies + 🏗 Built-up Surface Treatment,162,High,"Street tree plantation, pocket parks, terrace gardens; Restore stormwater drains, create urban water features; Permeable pavements, vertical green walls on building facades, reflective road coatings, shaded walkways",9.62,32.75,9.618763,32.747078,9.62,32.75
440.0,28.552951,77.124859,42.36,0.10647662337662338,0.006222077922077921,-0.13888810136442223,0.1674633464997093,38.08610628951903,2.2277114214781752,🌳 Urban Greening + 💧 Water Bodies + 🏗 Built-up Surface Treatment + ☀ Cool Roofs / Pavements,164,High,"Street tree plantation, pocket parks, terrace gardens; Restore stormwater drains, create urban water features; Permeable pavements, vertical green walls on building facades, reflective road coatings, shaded walkways; White/reflective paint on rooftops, cool roof tiles",9.2,33.15,9.204635,33.152878,9.2,33.15
521.0,28.570918,76.909263,42.36,0.13814320987654322,-0.005083950617283951,-0.15813505394497562,0.1872825268728679,37.85720429988394,2.129890554930781,🌳 Urban Greening + 💧 Water Bodies + 🏗 Built-up Surface Treatment,164,High,"Street tree plantation, pocket parks, terrace gardens; Restore stormwater drains, create urban water features; Permeable pavements, vertical green walls on building facades, reflective road coatings, shaded walkways",10.0,32.36,9.997044,32.364918,10.0,32.36
206.0,28.517019,76.891297,42.35,0.14764625,-0.011308750000000001,-0.16133703319261322,0.17367851891850344,36.43846707971282,2.154700692316614,💧 Water Bodies + 🏗 Built-up Surface Treatment,167,Medium,"Restore stormwater drains, create urban water features; Permeable pavements, vertical green walls on building facades, reflective road coatings, shaded walkways",9.57,32.78,9.566649,32.784466,9.57,32.78
358.0,28.543968,76.87333,42.35,0.14821219512195122,-0.009932926829268295,-0.16505723313194684,0.18776534715981844,37.09035936586322,2.1308453124686437,💧 Water Bodies + 🏗 Built-up Surface Treatment,167,Medium,"Restore stormwater drains, create urban water features; Permeable pavements, vertical green walls on building facades, reflective road coatings, shaded walkways",9.26,33.1,9.255374,33.097065,9.26,33.1
583.0,28.579901,76.999095,42.35,0.16038354430379748,-0.015662025316455698,-0.1687297895082189,0.1823982038700391,38.190472169942986,2.221824272781151,💧 Water Bodies + 🏗 Built-up Surface Treatment,167,Medium,"Restore stormwater drains, create urban water features; Permeable pavements, vertical green walls on building facades, reflective road coatings, shaded walkways",10.43,31.93,10.426445,31.927017,10.43,31.93
895.0,28.6338,76.972145,42.34,0.14646666666666666,-0.011970370370370369,-0.16186227239973747,0.18796208322606722,38.14151870292497,2.1839887783213974,🌳 Urban Greening + 💧 Water Bodies + 🏗 Built-up Surface Treatment,169,High,"Street tree plantation, pocket parks, terrace gardens; Restore stormwater drains, create urban water features; Permeable pavements, vertical green walls on building facades, reflective road coatings, shaded walkways",10.04,32.3,10.040297,32.303375,10.04,32.3
677.0,28.597867,76.918246,42.33,0.12698395061728396,0.0002691358024691358,-0.15475633362529467,0.18889662563696233,37.96358368848262,2.146008293117653,🌳 Urban Greening + 💧 Water Bodies + 🏗 Built-up Surface Treatment,170,High,"Street tree plantation, pocket parks, terrace gardens; Restore stormwater drains, create urban water features; Permeable pavements, vertical green walls on building facades, reflective road coatings, shaded walkways",9.63,32.7,9.626268,32.70254,9.63,32.7
891.0,28.6338,76.936213,42.31,0.14604146341463414,-0.007443902439024391,-0.1636441014020361,0.1866420403374986,37.987686218424585,2.1455655734483643,🌳 Urban Greening + 💧 Water Bodies + 🏗 Built-up Surface Treatment,171,High,"Street tree plantation, pocket parks, terrace gardens; Restore stormwater drains, create urban water features; Permeable pavements, vertical green walls on building facades, reflective road coatings, shaded walkways",10.24,32.08,10.236052,32.078186,10.24,32.08
381.0,28.543968,77.079943,42.27,0.12335487804878048,0.01486829268292683,-0.1607579868029356,0.16507998356803857,38.0033298989786,2.1819917961316317,🌳 Urban Greening + 💧 Water Bodies + 🏗 Built-up Surface Treatment + ☀ Cool Roofs / Pavements,173,High,"Street tree plantation, pocket parks, terrace gardens; Restore stormwater drains, create urban water features; Permeable pavements, vertical green walls on building facades, reflective road coatings, shaded walkways; White/reflective paint on rooftops, cool roof tiles",9.45,32.82,9.447643,32.818596,9.45,32.82
679.0,28.597867,76.936213,42.27,0.13716867469879518,-0.004103614457831325,-0.15968370836600573,0.18861555947830264,37.68104347074706,2.1324529296114085,🌳 Urban Greening + 💧 Water Bodies + 🏗 Built-up Surface Treatment,173,High,"Street tree plantation, pocket parks, terrace gardens; Restore stormwater drains, create urban water features; Permeable pavements, vertical green walls on building facades, reflective road coatings, shaded walkways",10.01,32.25,10.013153,32.2543,10.01,32.25
779.0,28.615833,76.882314,42.27,0.15916753246753249,-0.020027272727272727,-0.16107429723685887,0.18336048534554197,37.21927997752337,2.185036903860251,💧 Water Bodies + 🏗 Built-up Surface Treatment,173,Medium,"Restore stormwater drains, create urban water features; Permeable pavements, vertical green walls on building facades, reflective road coatings, shaded walkways",10.04,32.23,10.0435095,32.230072,10.04,32.23
831.0,28.624817,76.87333,42.26,0.1668986301369863,-0.02697808219178082,-0.16458333143928774,0.18802198009891036,37.39339041558945,2.1646791318152885,💧 Water Bodies,175,Medium,"Restore stormwater drains, create urban water features",9.96,32.3,9.959731,32.30054,9.96,32.3
631.0,28.588884,76.963162,42.26,0.1419375,-0.005411249999999999,-0.16259179990779693,0.19133845556446608,38.13312670837669,2.1726380082826777,🌳 Urban Greening + 💧 Water Bodies + 🏗 Built-up Surface Treatment,175,High,"Street tree plantation, pocket parks, terrace gardens; Restore stormwater drains, create urban water features; Permeable pavements, vertical green walls on building facades, reflective road coatings, shaded walkways",9.85,32.41,9.847797,32.411842,9.85,32.41
1212.0,28.696682,77.008078,42.25,0.14521125,-0.00821875,-0.16005443155052496,0.1821404438863318,38.97126495707525,2.189414724319486,🌳 Urban Greening + 💧 Water Bodies + 🏗 Built-up Surface Treatment,177,High,"Street tree plantation, pocket parks, terrace gardens; Restore stormwater drains, create urban water features; Permeable pavements, vertical green walls on building facades, reflective road coatings, shaded walkways",9.9,32.35,9.8954,32.354195,9.9,32.35
682.0,28.597867,76.963162,42.23,0.14962784810126584,-0.010103797468354431,-0.16420322157607709,0.18991466084927905,37.912108473104404,2.1934339712832744,💧 Water Bodies + 🏗 Built-up Surface Treatment,178,Medium,"Restore stormwater drains, create urban water features; Permeable pavements, vertical green walls on building facades, reflective road coatings, shaded walkways",9.82,32.42,9.815531,32.415527,9.82,32.42
1128.0,28.678715,77.035027,42.22,0.09480379746835442,0.016865822784810126,-0.13174167821429555,0.1850012969648225,39.29232986497343,2.18989534342566,🌳 Urban Greening + 🏗 Built-up Surface Treatment,179,High,"Street tree plantation, pocket parks, terrace gardens; Permeable pavements, vertical green walls on building facades, reflective road coatings, shaded walkways",8.87,33.34,8.872983,33.344414,8.87,33.34
633.0,28.588884,76.981128,42.22,0.14788874999999999,-0.00653875,-0.1642862414584706,0.18551262179047595,38.15108365075608,2.214135915052074,💧 Water Bodies + 🏗 Built-up Surface Treatment,179,Medium,"Restore stormwater drains, create urban water features; Permeable pavements, vertical green walls on building facades, reflective road coatings, shaded walkways",9.75,32.47,9.751403,32.47206,9.75,32.47
360.0,28.543968,76.891297,42.21,0.15966875,-0.01623875,-0.1678418852551779,0.1850666181844194,36.44141728276339,2.1109638167559335,💧 Water Bodies + 🏗 Built-up Surface Treatment,181,Medium,"Restore stormwater drains, create urban water features; Permeable pavements, vertical green walls on building facades, reflective road coatings, shaded walkways",9.61,32.6,9.609785,32.600697,9.61,32.6
1484.0,28.759564,76.945196,42.2,0.14205,-0.00488625,-0.16735995805332357,0.1980258259515173,40.44647759386449,2.1369058475685803,🌳 Urban Greening + 💧 Water Bodies + 🏗 Built-up Surface Treatment,183,High,"Street tree plantation, pocket parks, terrace gardens; Restore stormwater drains, create urban water features; Permeable pavements, vertical green walls on building facades, reflective road coatings, shaded walkways",9.77,32.43,9.77278,32.426857,9.77,32.43
777.0,28.615833,76.864347,42.2,0.16119852941176468,-0.022652941176470587,-0.1635797878020991,0.18645930444672046,36.98797862611096,2.1512229359250727,💧 Water Bodies + 🏗 Built-up Surface Treatment,183,Medium,"Restore stormwater drains, create urban water features; Permeable pavements, vertical green walls on building facades, reflective road coatings, shaded walkways",10.1,32.09,10.103291,32.092415,10.1,32.09
1525.0,28.768547,76.990111,42.2,0.13727792207792208,-0.004609090909090909,-0.1608091276404972,0.19035145046063104,40.709147512675436,2.1728744989625635,🌳 Urban Greening + 💧 Water Bodies + 🏗 Built-up Surface Treatment,183,High,"Street tree plantation, pocket parks, terrace gardens; Restore stormwater drains, create urban water features; Permeable pavements, vertical green walls on building facades, reflective road coatings, shaded walkways",9.29,32.91,9.292344,32.909958,9.29,32.91
431.0,28.552951,77.04401,42.19,0.09424430379746834,0.026284810126582275,-0.15725926899774825,0.21594278627487978,37.434115170125246,2.2081055586226994,🌳 Urban Greening + 💧 Water Bodies + 🏗 Built-up Surface Treatment,185,High,"Street tree plantation, pocket parks, terrace gardens; Restore stormwater drains, create urban water features; Permeable pavements, vertical green walls on building facades, reflective road coatings, shaded walkways",8.34,33.85,8.344551,33.845314,8.34,33.85
1210.0,28.696682,76.990111,42.19,0.16087875000000001,-0.00848375,-0.1674427066319163,0.18427695096803864,38.883092053129744,2.1952387365114463,💧 Water Bodies + 🏗 Built-up Surface Treatment,185,Medium,"Restore stormwater drains, create urban water features; Permeable pavements, vertical green walls on building facades, reflective road coatings, shaded walkways",10.3,31.9,10.298275,31.896524,10.3,31.9
254.0,28.526002,76.882314,42.18,0.15533717948717948,-0.016347435897435897,-0.16342979587650305,0.17826216797308683,36.40725529227945,2.1751231849131463,💧 Water Bodies + 🏗 Built-up Surface Treatment,187,Medium,"Restore stormwater drains, create urban water features; Permeable pavements, vertical green walls on building facades, reflective road coatings, shaded walkways",9.78,32.4,9.776884,32.401325,9.78,32.4
